{
  "project_info": {
    "project_number": "786863260820",
    "project_id": "instagram-clone-e9746",
    "storage_bucket": "instagram-clone-e9746.appspot.com"
  },
  "client": [
    {
      "client_info": {
        "mobilesdk_app_id": "1:786863260820:android:ba3bb32f967c173dd9e081",
        "android_client_info": {
          "package_name": "com.example.instagram_clone"
        }
      },
      "oauth_client": [],
      "api_key": [
        {
          "current_key": "AIzaSyAYeLFF4KJIobr1f_xqkSCZHzEiFPCt3Tk"
        }
      ],
      "services": {
        "appinvite_service": {
          "other_platform_oauth_client": []
        }
      }
    }
  ],
  "configuration_version": "1"
}